,dq,matches_played,rank,losses,wins,ties,ranking_score,cargo,hatch,hab,sandstorm_bonus,ranking_points
count,9835.0,9835.0,9835.0,9835.0,9835.0,9835.0,9835.0,9835.0,9835.0,9835.0,9835.0,9835.0
mean,0.03457041179461108,10.464260294865277,22.244026436197256,5.104728012201321,5.121911540416878,0.20335536349771224,1.4820452466395526,188.70686324351806,86.13279105236401,125.15139806812405,125.80721911540417,15.554550076258261
std,0.25950431856808137,2.0225037465187152,14.677955481450022,2.2078338289677544,2.2282512256960527,0.45582676842318315,0.6031529069322334,74.83836822938105,43.70568102992758,44.68251910482029,31.62735936538767,6.97312808882099
min,0.0,1.0,1.0,0.0,0.0,0.0,0.0,0.0,0.0,0.0,3.0,0.0
25%,0.0,9.0,10.0,4.0,4.0,0.0,1.0,132.0,54.0,93.0,105.0,11.0
50%,0.0,11.0,20.0,5.0,5.0,0.0,1.41,180.0,78.0,120.0,129.0,15.0
75%,0.0,12.0,31.0,7.0,7.0,0.0,1.83,240.0,112.0,153.0,150.0,20.0
max,10.0,14.0,72.0,12.0,14.0,4.0,3.88,492.0,282.0,261.0,216.0,51.0
